카테고리,Critical Path Item,수행해야 할 작업(Action),담당자,마감기한,마감까지 남은 날짜,현황,퍼센트(%),비고
공통,공통 메시지·인터페이스,scv_msgs 11종과 docs/interfaces.md 를 main 과 팀 브랜치에 배포,도윤,2026-10-10,0,완료,100%,모든 팀의 시작점. 바뀌면 PM 이 팀 브랜치에 맞춰 넣음
공통,저장 지도 배포,테스트베드 지도(map.yaml)를 한 번 만들어 고정하고 주행·관제·RSSI 에 전달,성현,2026-10-10,0,진행중,,지도가 바뀌면 격자·회피 마스크·경로가 모두 어긋남. 통합 전 저장소에 한 벌로
AMR,위치 추정·통로 주행,"Nav2 bringup, AMCL 수렴, 컨트롤러 튜닝, 정밀 도착 (T5-1~3)",현준,2026-10-12,2,진행중,,1인 팀. 주행이 늦으면 묶음 시험 세 개가 모두 밀림
AMR,mission_executor,"execute_task 서버, SURVEY·FACILITY·REINSPECTION 흐름, 예외, Dock, status (T5-5)",현준,2026-10-13,3,예정,0%,비전·RSSI·관제가 모두 이 노드에 붙는다. 최장 의존 구간
System Monitor,작업 배정 최소 기능,"IF-11 작업 1건 왕복, IF-12 상태 수신, IF-16 비상정지 (T6-3 앞부분)","정섭, 현민",2026-10-13,3,예정,0%,주행+관제 묶음 시험(T5-8)의 전제
Detection,설비 점검 액션 서버,"detection_alert 의 inspect_facility, 자세 보정 피드백 (T4-6·7)","동준, 재민",2026-10-13,3,예정,0%,주행+비전 묶음 시험(T5-7)의 전제. 학습(T4-3)이 먼저 끝나야 판정 가능
AMR,RSSI 측정 로봇 이식,"rssi_scanner 를 RPi 에서 실행, survey_buffer 위치 결합 (T3-4)","성현, 희재",2026-10-13,3,예정,0%,로봇에서의 스캔 주기·통신 흔들림이 미확인 위험. 주행+RSSI 묶음 시험(T5-6)의 전제
System Monitor,회피 마스크,"음영 칸 → keepout 마스크 발행·해제, 형식을 주행과 합의 (T3-3)","성현, 희재",2026-10-13,3,예정,0%,음영 회피 시연(UC-08)의 전제
Integration,팀 사이 묶음 시험,"주행+RSSI, 주행+비전, 주행+관제 (T5-6·7·8)",현준 + 각 팀,2026-10-13,3,예정,0%,여기서 인터페이스 불일치가 드러남. 하루 안에 세 개
Integration,로봇 한 대 순찰 한 번,Undock → 측정 → 설비 점검 → 저장·표시 → Dock (T6-4),전체,2026-10-13,3,예정,0%,모든 파트의 결과가 처음 만나는 지점
Integration,로봇 두 대와 예외,"재검증, 재배정, 관제 PC 차단 후 sync, 비상정지 (T6-5, T5-9)",전체,2026-10-14,4,예정,0%,프로젝트의 차별점(다른 로봇 재검증). 지연 시 시연 불가
Integration,시연·보고서,"지도·판정·보고서·점검표, 시연 리허설 (T6-6)",전체,2026-10-14,4,예정,0%,최종 완성일
