t_recv,topic,delay_ms
1791611761.687809,odom,102.88
1791611761.696229,odom,47.77
1791611761.748330,odom,52.11
1791611761.787781,odom,43.60
1791611761.841893,odom,49.76
1791611761.897507,odom,56.48
1791611761.947107,odom,58.15
1791611761.993799,odom,41.72
1791611762.040875,odom,40.72
1791611762.091121,odom,42.09
1791611762.141055,odom,44.92
1791611762.191376,odom,47.25
1791611762.247319,odom,55.10
1791611762.293990,odom,53.06
1791611762.348269,odom,43.88
1791611762.393327,odom,56.87
1791611762.441799,odom,41.64
1791611762.492693,odom,43.56
1791611762.538093,odom,41.94
1791611762.590782,odom,46.65
1791611762.642815,odom,50.69
1791611762.694443,odom,53.48
1791611762.744005,odom,39.78
1791611762.797398,odom,44.40
1791611762.841812,odom,41.46
1791611762.893781,odom,44.59
1791611762.940831,odom,44.71
1791611762.990697,odom,46.51
1791611763.041917,odom,49.79
1791611763.095149,odom,54.27
1791611763.143750,odom,54.67
1791611763.194533,odom,42.10
1791611763.240785,odom,40.63
1791611763.290928,odom,42.74
1791611763.340902,odom,44.77
1791611763.388358,odom,44.20
1791611763.441771,odom,49.60
1791611763.499111,odom,58.07
1791611763.544950,odom,56.78
1791611763.594817,odom,42.73
1791611763.641848,odom,40.40
1791611763.690707,odom,42.51
1791611763.737748,odom,41.58
1791611763.791286,odom,47.09
1791611763.841820,odom,49.69
1791611763.895393,odom,53.36
1791611763.947122,odom,58.95
1791611763.995071,odom,58.98
1791611764.041861,odom,40.66
1791611764.091396,odom,43.16
1791611764.140749,odom,44.62
1791611764.189224,odom,45.04
1791611764.241850,odom,49.61
1791611764.297712,odom,55.89
1791611764.345023,odom,56.15
1791611764.402506,odom,66.02
1791611764.441489,odom,40.34
1791611764.491018,odom,42.77
1791611764.540208,odom,44.04
1791611764.590972,odom,46.82
1791611764.641993,odom,49.85
1791611764.695477,odom,53.48
1791611764.745540,odom,57.39
1791611764.792833,odom,40.62
1791611764.840905,odom,39.75
1791611764.890785,odom,42.65
1791611764.941418,odom,45.27
1791611764.991966,odom,47.81
1791611765.042007,odom,49.87
1791611765.096703,odom,54.84
1791611765.145385,odom,56.88
1791611765.195804,odom,59.55
1791611765.240127,odom,38.98
1791611765.288372,odom,40.03
1791611765.341010,odom,44.87
1791611765.390645,odom,46.46
1791611765.442397,odom,50.14
1791611765.492792,odom,35.92
1791611765.546157,odom,58.01
1791611765.594507,odom,41.51
1791611765.641973,odom,41.42
1791611765.689266,odom,40.85
1791611765.741198,odom,44.80
1791611765.790872,odom,46.56
1791611765.846717,odom,54.56
1791611765.907742,odom,66.77
1791611765.946302,odom,57.45
1791611765.994720,odom,42.18
1791611766.041813,odom,41.55
1791611766.091608,odom,42.81
1791611766.140945,odom,44.68
1791611766.190753,odom,46.56
1791611766.240937,odom,48.71
1791611766.302332,odom,45.99
1791611766.346048,odom,57.11
1791611766.391171,odom,38.61
1791611766.441988,odom,41.76
1791611766.489218,odom,40.75
1791611766.540844,odom,44.39
1791611766.591740,odom,46.93
1791611766.653880,odom,60.33
1791611766.696392,odom,55.36
1791611766.742946,odom,54.43
1791611766.796355,odom,43.16
1791611766.840971,odom,40.50
1791611766.892641,odom,44.18
1791611766.941952,odom,45.40
1791611766.991928,odom,47.55
1791611767.048111,odom,54.33
1791611767.097546,odom,40.49
1791611767.149623,odom,60.62
1791611767.191262,odom,54.47
1791611767.242018,odom,41.76
1791611767.292095,odom,43.23
1791611767.341943,odom,45.62
1791611767.391070,odom,46.32
1791611767.447346,odom,54.18
1791611767.494342,odom,53.97
1791611767.545117,odom,56.32
1791611767.593684,odom,39.99
1791611767.642632,odom,42.01
1791611767.692168,odom,43.42
1791611767.741963,odom,45.83
1791611767.791876,odom,47.29
1791611767.847523,odom,55.38
1791611767.896799,odom,55.84
1791611767.953905,odom,65.69
1791611767.993805,odom,40.79
1791611768.041850,odom,41.53
1791611768.091697,odom,43.39
1791611768.141838,odom,45.47
1791611768.191890,odom,47.70
1791611768.248536,odom,56.38
1791611768.294308,odom,53.14
1791611768.346847,odom,42.29
1791611768.395952,odom,43.51
1791611768.442754,odom,42.62
1791611768.489737,odom,41.55
1791611768.541401,odom,45.28
1791611768.592588,odom,48.40
1791611768.647604,odom,55.46
1791611768.693023,odom,52.02
1791611768.747972,odom,42.97
1791611768.795227,odom,42.88
1791611768.842110,odom,41.94
1791611768.892022,odom,43.87
1791611768.943111,odom,46.85
1791611768.993447,odom,48.30
1791611769.043242,odom,51.09
1791611769.098931,odom,57.96
1791611769.144053,odom,38.44
1791611769.196527,odom,44.39
1791611769.242363,odom,42.20
1791611769.293269,odom,45.07
1791611769.341801,odom,45.57
1791611769.390181,odom,44.99
1791611769.442930,odom,50.80
1791611769.493550,odom,52.57
1791611769.546941,odom,58.80
1791611769.594805,odom,42.50
1791611769.645170,odom,44.89
1791611769.691370,odom,43.22
1791611769.738132,odom,41.99
1791611769.790982,odom,45.79
1791611769.843845,odom,51.69
1791611769.898480,odom,58.07
1791611769.946579,odom,58.24
1791611769.996116,odom,58.14
1791611770.040905,odom,40.69
1791611770.094099,odom,45.93
1791611770.141356,odom,44.22
1791611770.205535,odom,61.26
1791611770.241905,odom,49.77
1791611770.296810,odom,56.74
1791611770.346946,odom,42.49
1791611770.394343,odom,56.92
1791611770.440984,odom,40.54
1791611770.490960,odom,42.82
1791611770.537875,odom,40.71
1791611770.591005,odom,46.87
1791611770.640840,odom,48.69
1791611770.696941,odom,56.82
1791611770.742376,odom,54.01
1791611770.795558,odom,42.88
1791611770.846138,odom,45.79
1791611770.890900,odom,42.63
1791611770.941779,odom,44.65
1791611770.994093,odom,49.92
1791611771.042261,odom,50.13
1791611771.097573,odom,56.61
1791611771.147004,odom,42.83
1791611771.193711,odom,55.79
1791611771.240861,odom,56.61
1791611771.288161,odom,40.04
1791611771.340946,odom,43.79
1791611771.391094,odom,46.94
1791611771.441869,odom,49.71
1791611771.493948,odom,53.72
1791611771.542794,odom,54.08
1791611771.598502,odom,61.22
1791611771.641578,odom,41.39
1791611771.687602,odom,39.33
1791611771.740786,odom,43.63
1791611771.791669,odom,47.48
1791611771.840910,odom,48.76
1791611771.896765,odom,56.66
1791611771.949397,odom,59.88
1791611771.992908,odom,54.58
1791611772.045980,odom,45.54
1791611772.091149,odom,43.02
1791611772.143126,odom,44.97
1791611772.190915,odom,46.73
1791611772.242546,odom,50.41
1791611772.298574,odom,57.36
1791611772.346467,odom,57.52
1791611772.392509,odom,39.79
1791611772.440863,odom,39.27
1791611772.491515,odom,43.39
1791611772.541544,odom,45.41
1791611772.591209,odom,47.03
1791611772.654141,odom,61.96
1791611772.696480,odom,55.55
1791611772.743594,odom,54.47
1791611772.792018,odom,55.46
1791611772.841991,odom,40.46
1791611772.892527,odom,44.39
1791611772.940863,odom,44.71
1791611772.991567,odom,47.44
1791611773.055588,odom,63.46
1791611773.098716,odom,58.61
1791611773.146365,odom,58.21
1791611773.191650,odom,39.20
1791611773.240802,odom,39.21
1791611773.290826,odom,41.56
1791611773.340748,odom,44.62
1791611773.390624,odom,46.44
1791611773.441252,odom,49.12
1791611773.493960,odom,53.07
1791611773.549619,odom,44.55
1791611773.594342,odom,41.72
1791611773.641921,odom,41.28
1791611773.690346,odom,41.16
1791611773.741225,odom,45.07
1791611773.791169,odom,47.00
1791611773.841991,odom,49.83
1791611773.899270,odom,57.45
1791611773.946995,odom,57.87
1791611773.995731,odom,58.96
1791611774.041540,odom,40.20
1791611774.090868,odom,41.51
1791611774.140387,odom,44.23
1791611774.194506,odom,50.37
1791611774.241611,odom,49.48
1791611774.295625,odom,53.63
1791611774.346166,odom,56.57
1791611774.394530,odom,41.49
1791611774.457918,odom,56.66
1791611774.488010,odom,37.87
1791611774.541433,odom,45.31
1791611774.591020,odom,46.83
1791611774.641804,odom,49.68
1791611774.693466,odom,51.82
1791611774.744572,odom,53.64
1791611774.795965,odom,43.81
1791611774.841232,odom,39.68
1791611774.890994,odom,39.94
1791611774.940875,odom,44.75
1791611774.991606,odom,47.41
1791611775.041610,odom,49.49
1791611775.095631,odom,52.93
1791611775.145486,odom,56.32
1791611775.193896,odom,57.22
1791611775.241002,odom,56.82
1791611775.291083,odom,43.01
1791611775.341091,odom,44.95
1791611775.387577,odom,43.44
1791611775.440821,odom,48.58
1791611775.492498,odom,50.21
1791611775.544530,odom,55.39
1791611775.596016,odom,59.12
1791611775.642805,odom,58.64
1791611775.690986,odom,40.95
1791611775.737894,odom,41.70
1791611775.790207,odom,46.01
1791611775.854191,odom,62.02
1791611775.895536,odom,52.77
1791611775.947032,odom,57.73
1791611775.995556,odom,43.28
1791611776.045252,odom,61.08
1791611776.091281,odom,42.13
1791611776.142805,odom,46.63
1791611776.189025,odom,44.89
1791611776.241357,odom,49.15
1791611776.297874,odom,56.51
1791611776.344698,odom,55.42
1791611776.396600,odom,59.49
1791611776.442868,odom,39.83
1791611776.487819,odom,38.69
1791611776.541672,odom,44.46
1791611776.590978,odom,46.45
1791611776.638564,odom,46.41
1791611776.694937,odom,52.61
1791611776.748518,odom,59.28
1791611776.793008,odom,56.90
1791611776.839561,odom,37.22
1791611776.889011,odom,39.39
1791611776.941563,odom,45.42
1791611776.990877,odom,46.80
1791611777.042679,odom,49.52
1791611777.095930,odom,53.18
1791611777.145184,odom,55.89
1791611777.195183,odom,41.25
1791611777.241047,odom,39.41
1791611777.288770,odom,38.86
1791611777.341803,odom,45.52
1791611777.391478,odom,47.24
1791611777.440959,odom,48.80
1791611777.496032,odom,38.62
1791611777.543869,odom,53.96
1791611777.594818,odom,41.96
1791611777.642686,odom,42.47
1791611777.688885,odom,39.45
1791611777.740846,odom,44.39
1791611777.792773,odom,48.60
1791611777.842106,odom,48.73
1791611777.897741,odom,40.79
1791611777.946916,odom,56.99
1791611777.995545,odom,57.93
1791611778.040882,odom,39.30
1791611778.092843,odom,43.46
1791611778.141549,odom,45.04
1791611778.191875,odom,47.61
1791611778.242875,odom,49.71
1791611778.296877,odom,55.55
1791611778.346592,odom,56.87
1791611778.392966,odom,56.70
1791611778.442935,odom,42.62
1791611778.489280,odom,39.36
1791611778.543774,odom,46.33
1791611778.591890,odom,45.90
1791611778.652929,odom,58.47
1791611778.698970,odom,57.27
1791611778.742567,odom,52.74
1791611778.795811,odom,41.53
1791611778.841917,odom,40.75
1791611778.892079,odom,42.51
1791611778.942885,odom,45.70
1791611778.995819,odom,49.98
1791611779.046845,odom,52.56
1791611779.097929,odom,56.20
1791611779.147437,odom,57.80
1791611779.191958,odom,54.34
1791611779.241920,odom,40.50
1791611779.291975,odom,42.83
1791611779.341931,odom,44.78
1791611779.389349,odom,44.18
1791611779.448406,odom,54.27
1791611779.493979,odom,52.47
1791611779.545758,odom,56.63
1791611779.595849,odom,42.61
1791611779.641795,odom,40.66
1791611779.691841,odom,42.65
1791611779.741904,odom,44.77
1791611779.792108,odom,47.94
1791611779.848865,odom,55.71
1791611779.897716,odom,56.14
1791611779.952219,odom,63.10
1791611779.994763,odom,41.21
1791611780.043901,odom,42.74
1791611780.091935,odom,42.79
1791611780.141960,odom,44.80
1791611780.192855,odom,47.73
1791611780.242879,odom,49.72
1791611780.294261,odom,52.63
1791611780.347535,odom,42.14
1791611780.395681,odom,42.53
1791611780.441888,odom,40.68
1791611780.489757,odom,40.52
1791611780.542815,odom,45.68
1791611780.592880,odom,47.69
1791611780.643957,odom,50.82
1791611780.694282,odom,52.69
1791611780.747006,odom,41.15
1791611780.793835,odom,39.78
1791611780.849057,odom,47.12
1791611780.891351,odom,42.21
1791611780.940082,odom,42.93
1791611780.990398,odom,45.25
1791611781.043257,odom,50.10
1791611781.099325,odom,57.70
1791611781.146415,odom,57.28
1791611781.196936,odom,59.27
1791611781.240161,odom,39.00
1791611781.291034,odom,41.79
1791611781.340136,odom,42.98
1791611781.388386,odom,42.20
1791611781.440937,odom,47.76
1791611781.493681,odom,52.39
1791611781.547078,odom,57.96
1791611781.595225,odom,42.03
1791611781.646825,odom,44.78
1791611781.691672,odom,42.47
1791611781.738306,odom,41.15
1791611781.791267,odom,45.09
1791611781.842150,odom,48.99
1791611781.900265,odom,58.95
1791611781.945781,odom,56.66
1791611781.995000,odom,57.08
1791611782.040902,odom,39.60
1791611782.091769,odom,42.52
1791611782.141046,odom,43.91
1791611782.190069,odom,44.47
1791611782.240927,odom,47.77
1791611782.296885,odom,55.30
1791611782.347218,odom,58.03
1791611782.394762,odom,57.50
1791611782.442169,odom,41.00
1791611782.491320,odom,42.10
1791611782.540124,odom,41.95
1791611782.590961,odom,45.82
1791611782.641745,odom,48.59
1791611782.696935,odom,55.30
1791611782.746570,odom,57.36
1791611782.796551,odom,57.59
1791611782.841051,odom,39.69
1791611782.890897,odom,41.71
1791611782.940946,odom,43.81
1791611783.000515,odom,55.33
1791611783.040894,odom,47.77
1791611783.095867,odom,54.26
1791611783.147990,odom,58.78
1791611783.195468,odom,42.26
1791611783.242048,odom,40.13
1791611783.288768,odom,39.52
1791611783.341109,odom,42.98
1791611783.390854,odom,45.72
1791611783.441812,odom,48.66
1791611783.495559,odom,54.10
1791611783.543099,odom,53.98
1791611783.596547,odom,58.16
1791611783.642683,odom,40.59
1791611783.688395,odom,39.15
1791611783.740454,odom,42.24
1791611783.791585,odom,46.41
1791611783.841734,odom,48.60
1791611783.896827,odom,55.19
1791611783.949568,odom,60.39
1791611783.995987,odom,42.49
1791611784.043093,odom,57.85
1791611784.091372,odom,42.23
1791611784.140081,odom,41.93
1791611784.191098,odom,45.91
1791611784.241709,odom,48.58
1791611784.297565,odom,56.12
1791611784.346581,odom,57.46
1791611784.392185,odom,39.02
1791611784.441580,odom,39.63
1791611784.489538,odom,40.18
1791611784.541175,odom,43.99
1791611784.590719,odom,45.58
1791611784.650759,odom,57.29
1791611784.696993,odom,55.55
1791611784.744221,odom,55.10
1791611784.792066,odom,54.70
1791611784.843081,odom,41.49
1791611784.890937,odom,41.79
1791611784.940960,odom,43.79
1791611784.990922,odom,45.79
1791611785.041240,odom,48.11
1791611785.096915,odom,55.44
1791611785.144935,odom,55.81
1791611785.193323,odom,55.56
1791611785.240915,odom,55.71
1791611785.293282,odom,44.15
1791611785.340836,odom,43.71
1791611785.391032,odom,45.77
1791611785.441238,odom,48.11
1791611785.494178,odom,52.65
1791611785.547629,odom,57.39
1791611785.597877,odom,60.62
1791611785.642907,odom,41.26
1791611785.691023,odom,40.87
1791611785.740542,odom,43.40
1791611785.791438,odom,46.30
1791611785.843987,odom,50.79
1791611785.897604,odom,56.08
1791611785.946145,odom,55.99
1791611785.996390,odom,58.65
1791611786.042411,odom,40.76
1791611786.092090,odom,41.96
1791611786.141108,odom,43.94
1791611786.191498,odom,46.36
1791611786.240974,odom,47.85
1791611786.292759,odom,51.27
1791611786.347515,odom,57.39
1791611786.395567,odom,42.08
1791611786.443406,odom,57.86
1791611786.488060,odom,36.91
1791611786.541728,odom,44.60
1791611786.591216,odom,45.98
1791611786.641181,odom,48.04
1791611786.693728,odom,52.27
1791611786.747419,odom,56.05
1791611786.797137,odom,59.18
1791611786.842728,odom,57.33
1791611786.892192,odom,42.86
1791611786.940573,odom,43.43
1791611786.990292,odom,45.15
1791611787.041347,odom,48.11
1791611787.096138,odom,54.86
1791611787.146013,odom,56.88
1791611787.195421,odom,57.90
1791611787.242173,odom,56.83
1791611787.288481,odom,39.19
1791611787.340806,odom,43.46
1791611787.387923,odom,42.78
1791611787.440919,odom,47.77
1791611787.495790,odom,53.54
1791611787.545467,odom,56.33
1791611787.596102,odom,42.69
1791611787.645236,odom,41.80
1791611787.691425,odom,41.40
1791611787.737672,odom,40.53
1791611787.793039,odom,47.33
1791611787.840891,odom,47.72
1791611787.895956,odom,53.83
1791611787.950296,odom,61.04
1791611787.996033,odom,58.41
1791611788.043333,odom,58.00
1791611788.091892,odom,42.32
1791611788.140886,odom,43.74
1791611788.190282,odom,44.52
1791611788.241911,odom,48.68
1791611788.298533,odom,56.18
1791611788.345147,odom,55.72
1791611788.395835,odom,57.95
1791611788.440996,odom,55.66
1791611788.489464,odom,39.64
1791611788.541247,odom,44.07
1791611788.590993,odom,45.60
1791611788.640943,odom,47.64
1791611788.698464,odom,55.95
1791611788.747173,odom,57.62
1791611788.795976,odom,42.47
1791611788.843818,odom,58.57
1791611788.892356,odom,42.75
1791611788.941918,odom,44.61
1791611788.991932,odom,46.25
1791611789.043632,odom,49.97
1791611789.097643,odom,56.20
1791611789.146047,odom,56.61
1791611789.197548,odom,43.51
1791611789.242111,odom,40.49
1791611789.290103,odom,40.55
1791611789.340935,odom,43.24
1791611789.392542,odom,47.21
1791611789.441897,odom,48.65
1791611789.493407,odom,51.11
1791611789.544728,odom,55.55
1791611789.595267,odom,57.32
1791611789.643887,odom,58.49
1791611789.688514,odom,38.53
1791611789.742236,odom,44.71
1791611789.791899,odom,46.34
1791611789.841837,odom,48.51
1791611789.897876,odom,54.95
1791611789.945865,odom,56.66
1791611789.997322,odom,42.96
1791611790.041993,odom,40.20
1791611790.092567,odom,42.69
1791611790.141929,odom,44.72
1791611790.192093,odom,46.11
1791611790.242887,odom,48.54
1791611790.297806,odom,56.34
1791611790.347751,odom,58.52
1791611790.393657,odom,55.75
1791611790.443441,odom,40.97
1791611790.489893,odom,40.74
1791611790.542059,odom,44.93
1791611790.592204,odom,47.07
1791611790.653529,odom,59.36
1791611790.696949,odom,55.75
1791611790.743665,odom,54.46
1791611790.796410,odom,59.31
1791611790.846557,odom,44.82
1791611790.892062,odom,42.87
1791611790.943261,odom,46.13
1791611790.992104,odom,46.84
1791611791.044389,odom,50.27
1791611791.092844,odom,51.51
1791611791.151833,odom,62.65
1791611791.193201,odom,37.53
1791611791.246290,odom,61.01
1791611791.293850,odom,44.71
1791611791.342020,odom,44.86
1791611791.391969,odom,46.79
1791611791.445708,odom,52.55
1791611791.494423,odom,52.11
1791611791.545991,odom,56.78
1791611791.596993,odom,43.17
1791611791.642007,odom,40.64
1791611791.691908,odom,41.67
1791611791.741955,odom,44.82
1791611791.790619,odom,45.44
1791611791.843378,odom,50.22
1791611791.895089,odom,53.82
1791611791.953046,odom,62.84
1791611791.994833,odom,40.95
1791611792.040695,odom,39.53
1791611792.090468,odom,41.31
1791611792.138122,odom,40.96
1791611792.190967,odom,44.83
1791611792.240285,odom,47.13
1791611792.289330,odom,48.01
1791611792.344156,odom,54.93
1791611792.397185,odom,43.34
1791611792.438205,odom,36.86
1791611792.489887,odom,39.76
1791611792.538270,odom,41.04
1791611792.590586,odom,44.46
1791611792.638241,odom,45.03
1791611792.694733,odom,53.46
1791611792.747191,odom,56.97
1791611792.795383,odom,41.59
1791611792.843174,odom,41.33
1791611792.890528,odom,40.38
1791611792.938164,odom,40.02
1791611792.990159,odom,44.03
1791611793.039163,odom,46.00
1791611793.095120,odom,53.89
1791611793.145988,odom,55.87
1791611793.197093,odom,43.74
1791611793.239708,odom,37.94
1791611793.292336,odom,42.33
1791611793.338859,odom,40.70
1791611793.387821,odom,40.65
1791611793.438356,odom,45.22
1791611793.489151,odom,47.87
1791611793.548032,odom,57.91
1791611793.595112,odom,41.34
1791611793.645056,odom,42.12
1791611793.690664,odom,41.38
1791611793.738207,odom,40.04
1791611793.789090,odom,43.90
1791611793.838347,odom,45.20
1791611793.888878,odom,47.56
1791611793.946767,odom,56.64
1791611793.997967,odom,59.70
1791611794.039346,odom,37.95
1791611794.090815,odom,40.06
1791611794.138241,odom,40.11
1791611794.192976,odom,46.63
1791611794.238379,odom,45.22
1791611794.291302,odom,48.98
1791611794.348011,odom,57.89
1791611794.393757,odom,55.37
1791611794.449402,odom,63.73
1791611794.489543,odom,39.22
1791611794.538448,odom,40.24
1791611794.590120,odom,44.99
1791611794.638282,odom,45.13
1791611794.691088,odom,48.87
1791611794.746135,odom,55.84
1791611794.796119,odom,57.37
1791611794.839236,odom,37.12
1791611794.892251,odom,41.57
1791611794.938325,odom,40.19
1791611794.990224,odom,45.03
1791611795.038403,odom,45.28
1791611795.091101,odom,48.83
1791611795.146717,odom,56.60
1791611795.193027,odom,38.27
1791611795.242230,odom,39.43
1791611795.288795,odom,38.48
1791611795.338511,odom,40.35
1791611795.390455,odom,45.32
1791611795.438072,odom,43.92
1791611795.489137,odom,46.92
1791611795.545355,odom,55.12
1791611795.596865,odom,57.63
1791611795.642209,odom,39.35
1791611795.688922,odom,38.50
1791611795.737923,odom,38.77
1791611795.791175,odom,45.04
1791611795.838243,odom,45.10
1791611795.891224,odom,48.81
1791611795.948201,odom,57.99
1791611795.994289,odom,40.42
1791611796.042152,odom,56.53
1791611796.091234,odom,57.20
1791611796.138368,odom,39.21
1791611796.191248,odom,46.06
1791611796.238388,odom,45.26
1791611796.291144,odom,48.86
1791611796.343371,odom,53.12
1791611796.393925,odom,56.34
1791611796.439560,odom,36.92
1791611796.493523,odom,43.14
1791611796.539016,odom,41.82
1791611796.590850,odom,45.72
1791611796.651616,odom,57.46
1791611796.698448,odom,56.19
1791611796.744105,odom,53.86
1791611796.796116,odom,41.31
1791611796.841015,odom,38.27
1791611796.891636,odom,41.21
1791611796.938001,odom,39.83
1791611796.990212,odom,45.08
1791611797.038239,odom,44.11
1791611797.092152,odom,49.83
1791611797.141733,odom,51.50
1791611797.193815,odom,54.96
1791611797.243123,odom,57.42
1791611797.293176,odom,42.77
1791611797.337984,odom,39.86
1791611797.390221,odom,44.02
1791611797.438584,odom,44.39
1791611797.489561,odom,47.28
1791611797.542239,odom,51.98
1791611797.594593,odom,56.40
1791611797.643083,odom,40.76
1791611797.691240,odom,41.09
1791611797.738416,odom,40.28
1791611797.790457,odom,44.31
1791611797.838165,odom,43.99
1791611797.891164,odom,48.93
1791611797.943366,odom,52.22
1791611797.995085,odom,56.77
1791611798.040314,odom,54.04
1791611798.092127,odom,40.88
1791611798.137699,odom,39.54
1791611798.190535,odom,44.40
1791611798.238837,odom,44.69
1791611798.293396,odom,51.05
1791611798.343313,odom,52.17
1791611798.395726,odom,57.26
1791611798.441945,odom,55.13
1791611798.488833,odom,37.74
1791611798.538086,odom,39.94
1791611798.591932,odom,45.66
1791611798.638855,odom,44.71
1791611798.689555,odom,47.19
1791611798.745184,odom,53.99
1791611798.796782,odom,58.05
1791611798.839571,odom,52.68
1791611798.892361,odom,42.22
1791611798.937826,odom,39.68
1791611798.991384,odom,45.31
1791611799.040812,odom,46.58
1791611799.093289,odom,49.24
1791611799.143589,odom,53.45
1791611799.195169,odom,57.07
1791611799.241561,odom,55.35
1791611799.290343,odom,40.20
1791611799.339350,odom,41.15
1791611799.389194,odom,43.07
1791611799.438452,odom,44.31
1791611799.494486,odom,50.68
1791611799.542996,odom,52.11
1791611799.597234,odom,58.80
1791611799.645585,odom,58.63
1791611799.691368,odom,40.98
1791611799.738796,odom,40.27
1791611799.793931,odom,47.74
1791611799.839225,odom,44.94
1791611799.897198,odom,52.26
1791611799.947080,odom,56.52
1791611799.996170,odom,57.39
1791611800.043200,odom,40.03
1791611800.094148,odom,43.34
1791611800.139791,odom,40.93
1791611800.190701,odom,43.64
1791611800.254507,odom,60.35
1791611800.296016,odom,52.08
1791611800.345782,odom,55.70
1791611800.397227,odom,42.19
1791611800.439686,odom,35.77
1791611800.491613,odom,41.38
1791611800.542081,odom,43.83
1791611800.592429,odom,45.50
1791611800.639713,odom,45.41
1791611800.696733,odom,53.05
1791611800.749065,odom,58.67
1791611800.795902,odom,41.83
1791611800.848351,odom,61.78
1791611800.892569,odom,41.90
1791611800.939708,odom,41.13
1791611800.992199,odom,45.53
1791611801.040070,odom,45.70
1791611801.096965,odom,52.99
1791611801.146928,odom,56.75
1791611801.196976,odom,58.86
1791611801.242342,odom,39.43
1791611801.292098,odom,41.88
1791611801.339304,odom,41.00
1791611801.392177,odom,45.82
1791611801.439941,odom,45.56
1791611801.493912,odom,51.77
1791611801.545146,odom,55.02
1791611801.596051,odom,41.35
1791611801.643116,odom,40.47
1791611801.689905,odom,39.77
1791611801.742198,odom,44.05
1791611801.792185,odom,46.05
1791611801.839474,odom,45.31
1791611801.898166,odom,55.92
1791611801.947069,odom,56.84
1791611801.996767,odom,42.29
1791611802.046192,odom,43.20
1791611802.092773,odom,42.39
1791611802.139521,odom,41.39
1791611802.192086,odom,45.91
1791611802.242848,odom,47.71
1791611802.292073,odom,49.73
1791611802.346922,odom,56.80
1791611802.392736,odom,37.01
1791611802.441043,odom,54.45
1791611802.489974,odom,39.75
1791611802.540862,odom,42.69
1791611802.591259,odom,45.04
1791611802.651866,odom,56.61
1791611802.690071,odom,47.84
1791611802.743351,odom,53.23
1791611802.796700,odom,40.68
1791611802.840228,odom,37.35
1791611802.892703,odom,41.66
1791611802.940005,odom,41.87
1791611802.991798,odom,45.62
1791611803.043120,odom,47.97
1791611803.090599,odom,48.28
1791611803.147148,odom,56.97
1791611803.193740,odom,39.21
1791611803.244841,odom,42.09
1791611803.291004,odom,40.78
1791611803.338159,odom,39.99
1791611803.390677,odom,44.54
1791611803.439384,odom,45.23
1791611803.489509,odom,47.19
1791611803.546252,odom,56.07
1791611803.596240,odom,57.51
1791611803.642328,odom,55.79
1791611803.691016,odom,40.85
1791611803.737882,odom,39.75
1791611803.791720,odom,45.53
1791611803.839322,odom,45.18
1791611803.890993,odom,48.72
1791611803.947924,odom,57.59
1791611803.996075,odom,57.11
1791611804.044134,odom,41.09
1791611804.090923,odom,40.85
1791611804.138317,odom,40.16
1791611804.190904,odom,44.75
1791611804.238388,odom,44.23
1791611804.290094,odom,47.83
1791611804.347073,odom,56.86
1791611804.396010,odom,41.60
1791611804.439034,odom,52.31
1791611804.490239,odom,55.98
1791611804.538275,odom,40.11
1791611804.590997,odom,43.75
1791611804.638200,odom,43.99
1791611804.688123,odom,45.80
1791611804.747695,odom,57.41
1791611804.796122,odom,41.54
1791611804.843274,odom,55.70
1791611804.891828,odom,57.74
1791611804.938756,odom,40.60
1791611804.990682,odom,43.43
1791611805.038587,odom,44.43
1791611805.091204,odom,48.94
1791611805.149791,odom,59.57
1791611805.198209,odom,59.81
1791611805.242971,odom,40.07
1791611805.294223,odom,43.37
1791611805.338396,odom,39.24
1791611805.387891,odom,40.73
1791611805.438459,odom,44.24
1791611805.489420,odom,47.10
1791611805.545782,odom,55.66
1791611805.595070,odom,40.90
1791611805.648997,odom,46.49
1791611805.691427,odom,41.32
1791611805.737990,odom,38.82
1791611805.791038,odom,44.90
1791611805.840717,odom,46.26
1791611805.890952,odom,48.67
1791611805.948193,odom,57.97
1791611805.998207,odom,43.97
1791611806.041985,odom,55.26
1791611806.093006,odom,58.53
1791611806.142460,odom,43.33
1791611806.190305,odom,44.11
1791611806.240967,odom,46.78
1791611806.291602,odom,49.33
1791611806.349002,odom,58.88
1791611806.396796,odom,57.55
1791611806.446283,odom,43.97
1791611806.489626,odom,54.59
1791611806.541473,odom,42.31
1791611806.591415,odom,45.28
1791611806.641391,odom,47.16
1791611806.691350,odom,49.12
1791611806.749242,odom,59.02
1791611806.797791,odom,43.23
1791611806.843223,odom,41.15
1791611806.892164,odom,41.91
1791611806.940068,odom,40.90
1791611806.988827,odom,42.65
1791611807.041165,odom,47.03
1791611807.091455,odom,49.12
1791611807.146230,odom,55.04
1791611807.194771,odom,40.49
1791611807.244277,odom,58.12
1791611807.289207,odom,38.21
1791611807.341419,odom,42.24
1791611807.390654,odom,44.47
1791611807.441183,odom,47.05
1791611807.488958,odom,46.75
1791611807.543968,odom,53.75
1791611807.595507,odom,56.20
1791611807.642977,odom,40.47
1791611807.689535,odom,55.11
1791611807.741467,odom,41.33
1791611807.791303,odom,45.15
1791611807.841154,odom,47.00
1791611807.892429,odom,50.16
1791611807.949410,odom,59.17
1791611807.996970,odom,42.16
1791611808.044277,odom,57.86
1791611808.091951,odom,40.93
1791611808.140969,odom,42.80
1791611808.190960,odom,44.83
1791611808.241288,odom,47.16
1791611808.288598,odom,46.26
1791611808.346724,odom,56.51
1791611808.392077,odom,37.43
1791611808.444347,odom,57.44
1791611808.490984,odom,40.36
1791611808.541045,odom,42.90
1791611808.591131,odom,44.94
1791611808.641254,odom,47.09
1791611808.691422,odom,49.17
1791611808.746442,odom,56.19
1791611808.798268,odom,43.63
1791611808.846748,odom,59.71
1791611808.891999,odom,40.51
1791611808.940029,odom,41.87
1791611808.990841,odom,44.70
1791611809.041038,odom,46.68
1791611809.091118,odom,47.08
1791611809.151570,odom,60.44
1791611809.194943,odom,56.78
1791611809.242940,odom,56.50
1791611809.292379,odom,41.20
1791611809.341102,odom,42.94
1791611809.391004,odom,44.86
1791611809.441754,odom,47.61
1791611809.489323,odom,47.04
1791611809.544967,odom,53.67
1791611809.595308,odom,56.70
1791611809.644377,odom,58.10
1791611809.688783,odom,54.52
1791611809.740941,odom,42.80
1791611809.791469,odom,45.30
1791611809.841832,odom,47.69
1791611809.891722,odom,49.27
1791611809.949033,odom,56.36
1791611809.998208,odom,60.01
1791611810.042844,odom,55.94
1791611810.094181,odom,41.61
1791611810.141089,odom,42.95
1791611810.191347,odom,44.75
1791611810.241752,odom,47.60
1791611810.288723,odom,45.06
1791611810.341170,odom,49.01
1791611810.397121,odom,58.10
1791611810.445204,odom,58.74
1791611810.489035,odom,36.13
1791611810.541430,odom,43.19
1791611810.591123,odom,44.96
1791611810.641708,odom,47.56
1791611810.689124,odom,45.83
1791611810.745743,odom,54.31
1791611810.797503,odom,58.62
1791611810.846305,odom,59.77
1791611810.894084,odom,59.70
1791611810.942788,odom,44.37
1791611810.992710,odom,45.93
1791611811.041463,odom,47.25
1791611811.096848,odom,53.35
1791611811.142268,odom,50.90
1791611811.196065,odom,56.20
1791611811.243500,odom,57.34
1791611811.292050,odom,40.29
1791611811.342205,odom,43.61
1791611811.389261,odom,42.68
1791611811.442084,odom,47.72
1791611811.494768,odom,50.13
1791611811.546832,odom,54.45
1791611811.600020,odom,45.23
1791611811.647745,odom,60.96
1791611811.694366,odom,59.44
1791611811.738463,odom,39.48
1791611811.793021,odom,46.36
1791611811.842144,odom,47.78
1791611811.897158,odom,53.61
1791611811.950541,odom,59.03
1791611811.996459,odom,58.05
1791611812.044119,odom,57.55
1791611812.094169,odom,41.46
1791611812.142009,odom,43.51
1791611812.191932,odom,44.93
1791611812.243140,odom,48.43
1791611812.298192,odom,53.37
1791611812.347661,odom,56.49
1791611812.397364,odom,58.59
1791611812.445922,odom,59.27
1791611812.493437,odom,42.12
1791611812.542186,odom,42.83
1791611812.592792,odom,46.45
1791611812.642001,odom,47.61
1791611812.696921,odom,52.81
1791611812.748855,odom,57.77
1791611812.796263,odom,42.12
1791611812.846456,odom,60.24
1791611812.889074,odom,37.93
1791611812.941986,odom,43.83
1791611812.996543,odom,50.41
1791611813.042881,odom,48.73
1791611813.116438,odom,72.98
1791611813.150874,odom,59.68
1791611813.197737,odom,59.15
1791611813.240485,odom,54.41
1791611813.290917,odom,39.77
1791611813.339718,odom,41.58
1791611813.393323,odom,47.07
1791611813.442298,odom,47.16
1791611813.491113,odom,48.81
1791611813.543874,odom,52.66
1791611813.597317,odom,41.44
1791611813.647824,odom,43.85
1791611813.689111,odom,37.05
1791611813.742668,odom,43.45
1791611813.792969,odom,46.83
1791611813.842240,odom,47.04
1791611813.893788,odom,51.54
1791611813.949403,odom,58.20
1791611813.997879,odom,42.67
1791611814.043199,odom,39.49
1791611814.093080,odom,41.96
1791611814.143042,odom,44.88
1791611814.192287,odom,46.16
1791611814.252430,odom,57.29
1791611814.292105,odom,48.80
1791611814.348692,odom,57.45
1791611814.393217,odom,36.62
1791611814.446177,odom,59.98
1791611814.489329,odom,38.08
1791611814.541483,odom,42.20
1791611814.591116,odom,44.93
1791611814.654537,odom,58.37
1791611814.691540,odom,48.43
1791611814.744274,odom,53.01
1791611814.797450,odom,58.25
1791611814.848299,odom,61.26
1791611814.892116,odom,40.88
1791611814.941518,odom,43.38
1791611814.991102,odom,44.92
1791611815.041211,odom,46.06
1791611815.091397,odom,48.11
1791611815.148574,odom,57.44
1791611815.193352,odom,54.28
1791611815.248271,odom,61.70
1791611815.291049,odom,39.57
1791611815.341104,odom,41.93
1791611815.390974,odom,44.83
1791611815.441757,odom,46.60
1791611815.489481,odom,46.16
1791611815.548867,odom,57.63
1791611815.597512,odom,41.48
1791611815.644182,odom,56.26
1791611815.691683,odom,56.49
1791611815.741156,odom,41.94
1791611815.791212,odom,44.03
1791611815.841125,odom,45.98
1791611815.891068,odom,47.80
1791611815.949492,odom,58.25
1791611815.997332,odom,41.77
1791611816.045337,odom,41.65
1791611816.091153,odom,55.77
1791611816.141026,odom,41.86
1791611816.196353,odom,49.11
1791611816.241054,odom,45.90
1791611816.288827,odom,45.70
1791611816.350399,odom,59.13
1791611816.397314,odom,41.50
1791611816.444768,odom,41.14
1791611816.489636,odom,38.13
1791611816.541445,odom,42.22
1791611816.592618,odom,45.43
1791611816.641036,odom,45.91
1791611816.687576,odom,44.25
1791611816.748547,odom,57.30
1791611816.796416,odom,41.71
1791611816.848033,odom,59.31
1791611816.892133,odom,40.27
1791611816.940659,odom,41.39
1791611816.990368,odom,42.17
1791611817.041285,odom,46.12
1791611817.096189,odom,52.93
1791611817.152273,odom,60.95
1791611817.199543,odom,59.85
1791611817.242436,odom,54.14
1791611817.298710,odom,63.00
1791611817.342030,odom,42.87
1791611817.391972,odom,43.78
1791611817.441094,odom,45.94
1791611817.491539,odom,48.25
1791611817.545900,odom,54.63
1791611817.597334,odom,41.54
1791611817.646789,odom,58.87
1791611817.693622,odom,42.02
1791611817.739583,odom,40.19
1791611817.791109,odom,43.98
1791611817.841073,odom,45.94
1791611817.891215,odom,47.82
1791611817.949372,odom,58.27
1791611817.997409,odom,42.29
1791611818.043625,odom,55.89
1791611818.094105,odom,58.83
1791611818.141509,odom,42.37
1791611818.190434,odom,43.26
1791611818.242536,odom,47.38
1791611818.292673,odom,49.56
1791611818.349059,odom,57.96
1791611818.396327,odom,40.44
1791611818.446732,odom,59.46
1791611818.495027,odom,43.23
1791611818.540931,odom,41.66
1791611818.591017,odom,43.89
1791611818.641039,odom,45.90
1791611818.691277,odom,48.04
1791611818.749470,odom,58.36
1791611818.797877,odom,42.70
1791611818.842985,odom,54.97
1791611818.893992,odom,58.61
1791611818.940065,odom,40.92
1791611818.991599,odom,44.40
1791611819.041090,odom,45.96
1791611819.091147,odom,47.89
1791611819.147265,odom,56.07
1791611819.197614,odom,42.21
1791611819.246958,odom,59.41
1791611819.289496,odom,54.09
1791611819.341896,odom,41.63
1791611819.391118,odom,43.98
1791611819.444405,odom,49.28
1791611819.488190,odom,44.79
1791611819.543450,odom,52.32
1791611819.596525,odom,41.29
1791611819.644564,odom,56.59
1791611819.689726,odom,54.36
1791611819.741696,odom,42.55
1791611819.790950,odom,43.75
1791611819.841524,odom,46.39
1791611819.891171,odom,47.90
1791611819.947152,odom,55.98
1791611819.995697,odom,56.13
1791611820.046383,odom,58.49
1791611820.093144,odom,57.42
1791611820.142043,odom,42.88
1791611820.204931,odom,57.79
1791611820.241774,odom,46.60
1791611820.288175,odom,44.90
1791611820.341464,odom,50.31
1791611820.394115,odom,54.79
1791611820.447124,odom,59.37
1791611820.494387,odom,42.66
1791611820.541170,odom,41.76
1791611820.591125,odom,43.98
1791611820.647796,odom,52.53
1791611820.691634,odom,48.01
1791611820.743388,odom,52.26
1791611820.795489,odom,40.07
1791611820.851226,odom,63.82
1791611820.892010,odom,56.94
1791611820.941074,odom,41.87
1791611820.992157,odom,44.91
1791611821.041126,odom,45.98
1791611821.093187,odom,49.87
1791611821.148673,odom,56.32
1791611821.195012,odom,55.82
1791611821.244085,odom,40.08
1791611821.293969,odom,41.88
1791611821.340947,odom,41.80
1791611821.390933,odom,43.34
1791611821.443068,odom,47.91
1791611821.492125,odom,49.01
1791611821.546932,odom,54.79
1791611821.597436,odom,42.06
1791611821.646050,odom,58.09
1791611821.691941,odom,56.72
1791611821.742138,odom,42.50
1791611821.791148,odom,43.96
1791611821.841165,odom,46.00
1791611821.892057,odom,48.68
1791611821.947462,odom,55.11
1791611821.998167,odom,42.41
1791611822.043278,odom,56.13
1791611822.094371,odom,58.85
1791611822.141357,odom,42.17
1791611822.192535,odom,45.46
1791611822.241688,odom,46.40
1791611822.289950,odom,46.52
1791611822.349281,odom,56.11
1791611822.397141,odom,57.31
1791611822.447475,odom,44.14
1791611822.489638,odom,53.73
1791611822.541107,odom,42.03
1791611822.592341,odom,44.69
1791611822.642381,odom,47.29
1791611822.690443,odom,46.03
1791611822.742541,odom,51.35
1791611822.797282,odom,58.04
1791611822.847205,odom,42.60
1791611822.894078,odom,42.99
1791611822.946343,odom,46.97
1791611822.992553,odom,45.08
1791611823.042067,odom,46.55
1791611823.098590,odom,53.52
1791611823.142257,odom,50.74
1791611823.196538,odom,56.83
1791611823.247362,odom,59.35
1791611823.292873,odom,41.14
1791611823.341964,odom,42.67
1791611823.389379,odom,42.25
1791611823.439765,odom,44.61
1791611823.499354,odom,54.04
1791611823.547588,odom,56.50
1791611823.601088,odom,62.00
1791611823.647477,odom,42.15
1791611823.692980,odom,41.72
1791611823.739204,odom,40.07
1791611823.792090,odom,44.89
1791611823.842088,odom,46.95
1791611823.893191,odom,47.87
1791611823.947288,odom,56.19
1791611823.997116,odom,41.21
1791611824.047192,odom,59.85
1791611824.093080,odom,41.94
1791611824.144380,odom,45.22
1791611824.192045,odom,44.90
1791611824.245605,odom,50.40
1791611824.293319,odom,49.02
1791611824.342506,odom,51.41
1791611824.397444,odom,57.91
1791611824.443980,odom,56.84
1791611824.492869,odom,57.34
1791611824.542266,odom,43.13
1791611824.592162,odom,44.98
1791611824.642146,odom,47.00
1791611824.693085,odom,49.77
1791611824.741041,odom,49.95
1791611824.797582,odom,41.86
1791611824.847003,odom,43.48
1791611824.893213,odom,41.33
1791611824.942049,odom,42.88
1791611824.992200,odom,45.02
1791611825.042994,odom,47.84
1791611825.092919,odom,49.53
1791611825.140995,odom,49.90
1791611825.198084,odom,58.55
1791611825.245534,odom,42.08
1791611825.291462,odom,40.29
1791611825.341014,odom,41.87
1791611825.392068,odom,44.80
1791611825.443481,odom,47.32
1791611825.490537,odom,47.21
1791611825.541165,odom,50.08
1791611825.596681,odom,57.00
1791611825.649392,odom,62.13
1791611825.690543,odom,37.66
1791611825.741126,odom,41.96
1791611825.791265,odom,44.13
1791611825.843048,odom,46.68
1791611825.891066,odom,47.75
1791611825.948878,odom,57.79
1791611825.997709,odom,58.50
1791611826.048751,odom,45.62
1791611826.094867,odom,58.79
1791611826.140919,odom,41.70
1791611826.192588,odom,45.40
1791611826.241180,odom,45.03
1791611826.288701,odom,45.14
1791611826.342475,odom,51.39
1791611826.393399,odom,53.79
1791611826.445774,odom,58.52
1791611826.491093,odom,39.05
1791611826.541157,odom,42.00
1791611826.591134,odom,43.99
1791611826.641363,odom,45.14
1791611826.690989,odom,47.66
1791611826.738743,odom,46.65
1791611826.798848,odom,41.08
1791611826.846724,odom,43.32
1791611826.893992,odom,42.70
1791611826.942472,odom,43.31
1791611826.991156,odom,43.97
1791611827.042144,odom,47.01
1791611827.091959,odom,48.56
1791611827.144493,odom,53.40
1791611827.196915,odom,41.17
1791611827.247715,odom,60.12
1791611827.293354,odom,42.22
1791611827.342953,odom,43.79
1791611827.392713,odom,45.04
1791611827.443635,odom,48.44
1791611827.492907,odom,49.79
1791611827.538787,odom,47.69
1791611827.599706,odom,60.04
1791611827.645434,odom,42.25
1791611827.693656,odom,58.19
1791611827.741730,odom,42.58
1791611827.791181,odom,43.00
1791611827.841027,odom,45.87
1791611827.891914,odom,48.65
1791611827.948682,odom,57.41
1791611827.996548,odom,55.79
1791611828.048175,odom,59.60
1791611828.093766,odom,58.40
1791611828.144135,odom,44.97
1791611828.191699,odom,43.56
1791611828.241009,odom,45.85
1791611828.293357,odom,49.96
1791611828.343675,odom,51.56
1791611828.399228,odom,59.41
1791611828.450474,odom,61.49
1791611828.495282,odom,59.30
1791611828.553050,odom,53.90
1791611828.592174,odom,43.98
1791611828.643198,odom,48.04
1791611828.687634,odom,44.37
1791611828.742788,odom,50.70
1791611828.799718,odom,58.78
1791611828.849452,odom,46.32
1791611828.892004,odom,56.48
1791611828.942436,odom,42.05
1791611828.994358,odom,45.21
1791611829.042414,odom,47.02
1791611829.092442,odom,49.18
1791611829.148594,odom,56.50
1791611829.197562,odom,56.67
1791611829.243039,odom,39.26
1791611829.294149,odom,41.81
1791611829.341180,odom,40.93
1791611829.389291,odom,42.10
1791611829.442602,odom,47.47
1791611829.491297,odom,46.99
1791611829.541076,odom,48.99
1791611829.595490,odom,54.84
1791611829.649553,odom,61.52
1791611829.694583,odom,59.07
1791611829.738966,odom,38.67
1791611829.791188,odom,43.99
1791611829.841105,odom,45.91
1791611829.891076,odom,47.80
1791611829.948653,odom,56.55
1791611829.997749,odom,56.74
1791611830.044021,odom,40.76
1791611830.094281,odom,58.69
1791611830.141080,odom,40.78
1791611830.193709,odom,46.53
1791611830.242220,odom,47.09
1791611830.293955,odom,50.55
1791611830.345664,odom,53.56
1791611830.397476,odom,56.70
1791611830.446088,odom,58.35
1791611830.493126,odom,40.93
1791611830.544398,odom,43.81
1791611830.590793,odom,43.61
1791611830.641495,odom,46.36
1791611830.690790,odom,46.40
1791611830.749376,odom,57.17
1791611830.795182,odom,54.81
1791611830.847019,odom,42.58
1791611830.894798,odom,42.47
1791611830.941187,odom,40.87
1791611830.991113,odom,43.93
1791611831.040850,odom,45.71
1791611831.090864,odom,45.82
1791611831.142517,odom,50.39
1791611831.194984,odom,53.27
1791611831.247011,odom,59.59
1791611831.290832,odom,38.21
1791611831.342133,odom,40.98
1791611831.390966,odom,43.62
1791611831.443390,odom,48.25
1791611831.488192,odom,43.91
1791611831.538772,odom,46.61
1791611831.596344,odom,55.13
1791611831.644697,odom,56.96
1791611831.691419,odom,38.83
1791611831.741337,odom,42.18
1791611831.791142,odom,43.98
1791611831.841213,odom,46.00
1791611831.891030,odom,46.75
1791611831.947572,odom,55.38
1791611831.996649,odom,40.68
1791611832.048057,odom,60.84
1791611832.093086,odom,57.95
1791611832.142074,odom,41.92
1791611832.191103,odom,43.90
1791611832.241259,odom,46.11
1791611832.289119,odom,44.88
1791611832.344451,odom,52.31
1791611832.393684,odom,37.78
1791611832.446957,odom,42.21
1791611832.496646,odom,43.83
1791611832.538247,odom,38.09
1791611832.591139,odom,44.01
1791611832.649105,odom,53.87
1791611832.696248,odom,52.09
1791611832.741584,odom,49.37
1791611832.795961,odom,55.42
1791611832.848730,odom,44.41
1791611832.894297,odom,58.32
1791611832.943881,odom,44.61
1791611832.992179,odom,44.52
1791611833.042346,odom,47.17
1791611833.097847,odom,53.05
1791611833.141724,odom,49.40
1791611833.200214,odom,59.53
1791611833.248225,odom,60.39
1791611833.295343,odom,41.99
1791611833.344073,odom,43.81
1791611833.392073,odom,44.10
1791611833.446971,odom,50.61
1791611833.497650,odom,53.30
1791611833.547549,odom,53.66
1791611833.598692,odom,58.05
1791611833.648244,odom,59.57
1791611833.694118,odom,57.31
1791611833.743262,odom,42.43
1791611833.794027,odom,45.23
1791611833.842708,odom,46.54
1791611833.892321,odom,47.89
1791611833.951199,odom,57.53
1791611833.996325,odom,55.92
1791611834.048751,odom,59.97
1791611834.098342,odom,61.36
1791611834.141629,odom,41.19
1791611834.192423,odom,43.85
1791611834.249548,odom,53.03
1791611834.292255,odom,47.64
1791611834.348948,odom,56.47
1791611834.397997,odom,57.24
1791611834.445784,odom,57.16
1791611834.490457,odom,37.57
1791611834.541464,odom,41.27
1791611834.593108,odom,44.53
1791611834.646771,odom,49.88
1791611834.695314,odom,49.26
1791611834.748988,odom,56.68
1791611834.799805,odom,59.69
1791611834.846637,odom,57.97
1791611834.895180,odom,42.88
1791611834.945144,odom,45.00
1791611834.992598,odom,44.09
1791611835.042172,odom,46.05
1791611835.093089,odom,47.76
1791611835.146168,odom,54.08
1791611835.196469,odom,56.03
1791611835.246762,odom,58.14
1791611835.296151,odom,59.91
1791611835.342482,odom,42.32
1791611835.389343,odom,41.19
1791611835.443727,odom,47.58
1791611835.493199,odom,48.95
1791611835.541430,odom,49.34
1791611835.597179,odom,56.26
1791611835.647728,odom,58.83
1791611835.693871,odom,41.57
1791611835.739756,odom,39.61
1791611835.792331,odom,44.15
1791611835.845199,odom,48.91
1791611835.892993,odom,47.16
1791611835.948222,odom,56.12
1791611835.997186,odom,56.54
1791611836.045928,odom,57.21
1791611836.095604,odom,59.07
1791611836.143764,odom,43.60
1791611836.192788,odom,44.65
1791611836.244899,odom,48.74
1791611836.292992,odom,47.75
1791611836.341246,odom,49.15
1791611836.396190,odom,55.58
1791611836.445213,odom,40.98
1791611836.509047,odom,72.98
1791611836.537747,odom,37.61
1791611836.591187,odom,42.99
1791611836.642949,odom,46.82
1791611836.691169,odom,46.87
1791611836.741039,odom,48.95
1791611836.796423,odom,56.22
1791611836.846591,odom,58.43
1791611836.893027,odom,56.63
1791611836.942143,odom,41.98
1791611836.990918,odom,42.73
1791611837.043903,odom,47.75
1791611837.092137,odom,47.31
1791611837.141065,odom,48.97
1791611837.197289,odom,56.66
1791611837.245499,odom,56.58
1791611837.292356,odom,39.43
1791611837.340449,odom,40.30
1791611837.391098,odom,42.91
1791611837.444965,odom,48.81
1791611837.488102,odom,43.78
1791611837.539407,odom,47.32
1791611837.597270,odom,56.34
1791611837.647628,odom,59.18
1791611837.690641,odom,54.48
1791611837.743297,odom,42.99
1791611837.791665,odom,43.52
1791611837.841539,odom,44.38
1791611837.891250,odom,46.93
1791611837.942896,odom,50.81
1791611837.996411,odom,56.21
1791611838.047610,odom,58.91
1791611838.096843,odom,59.43
1791611838.141481,odom,41.34
1791611838.190899,odom,42.69
1791611838.241366,odom,44.23
1791611838.288468,odom,44.14
1791611838.339421,odom,47.32
1791611838.393500,odom,52.71
1791611838.447167,odom,42.54
1791611838.492099,odom,54.20
1791611838.540055,odom,55.91
1791611838.591070,odom,42.94
1791611838.645650,odom,47.29
1791611838.691146,odom,46.92
1791611838.738387,odom,46.30
1791611838.798755,odom,57.94
1791611838.846281,odom,57.37
1791611838.894210,odom,57.53
1791611838.944985,odom,44.75
1791611838.991147,odom,42.95
1791611839.041044,odom,44.91
1791611839.091115,odom,46.80
1791611839.146140,odom,54.05
1791611839.194602,odom,54.13
1791611839.246863,odom,58.54
1791611839.292661,odom,56.37
1791611839.343609,odom,43.13
1791611839.391026,odom,42.83
1791611839.441709,odom,45.49
1791611839.491413,odom,47.18
1791611839.538957,odom,46.86
1791611839.597454,odom,57.00
1791611839.644871,odom,56.04
1791611839.693719,odom,57.61
1791611839.741192,odom,41.03
1791611839.791054,odom,42.88
1791611839.841128,odom,44.97
1791611839.891172,odom,46.91
1791611839.940384,odom,48.29
1791611839.997192,odom,56.65
1791611840.046902,odom,57.89
1791611840.094332,odom,42.22
1791611840.145109,odom,44.95
1791611840.190292,odom,41.16
1791611840.242870,odom,46.72
1791611840.289786,odom,45.47
1791611840.343528,odom,51.44
1791611840.396992,odom,56.51
1791611840.444193,odom,54.68
1791611840.491968,odom,55.36
1791611840.537854,odom,37.70
1791611840.591723,odom,41.67
1791611840.641605,odom,45.48
1791611840.687741,odom,43.40
1791611840.742451,odom,50.30
1791611840.798446,odom,57.56
1791611840.848089,odom,58.56
1791611840.893123,odom,56.97
1791611840.943599,odom,42.44
1791611840.991373,odom,42.24
1791611841.043318,odom,47.15
1791611841.091106,odom,46.89
1791611841.141213,odom,49.10
1791611841.195333,odom,53.75
1791611841.245535,odom,57.46
1791611841.296555,odom,43.56
1791611841.340281,odom,39.13
1791611841.390474,odom,42.29
1791611841.442414,odom,46.25
1791611841.491589,odom,47.33
1791611841.547807,odom,55.69
1791611841.596232,odom,54.29
1791611841.650410,odom,61.80
1791611841.693374,odom,41.05
1791611841.740780,odom,56.63
1791611841.791059,odom,42.93
1791611841.842225,odom,46.09
1791611841.890377,odom,45.98
1791611841.942946,odom,50.83
1791611841.996096,odom,54.26
1791611842.044774,odom,56.09
1791611842.095128,odom,58.43
1791611842.143227,odom,42.98
1791611842.192069,odom,43.76
1791611842.241263,odom,45.13
1791611842.290210,odom,45.95
1791611842.341053,odom,48.89
1791611842.395058,odom,53.27
1791611842.446007,odom,57.87
1791611842.493049,odom,56.34
1791611842.543243,odom,42.09
1791611842.590194,odom,42.04
1791611842.641255,odom,45.09
1791611842.691002,odom,46.78
1791611842.741473,odom,49.24
1791611842.796166,odom,54.75
1791611842.845284,odom,57.04
1791611842.895298,odom,58.70
1791611842.948466,odom,47.18
1791611842.991695,odom,43.54
1791611843.041891,odom,45.66
1791611843.090996,odom,45.64
1791611843.142884,odom,50.74
1791611843.196839,odom,54.79
1791611843.244999,odom,56.78
1791611843.291712,odom,38.66
1791611843.341380,odom,39.23
1791611843.391803,odom,43.67
1791611843.441662,odom,45.46
1791611843.488588,odom,44.49
1791611843.541619,odom,49.48
1791611843.596234,odom,53.90
1791611843.646958,odom,41.96
1791611843.691515,odom,54.59
1791611843.741774,odom,41.41
1791611843.791100,odom,42.06
1791611843.843245,odom,47.10
1791611843.891288,odom,47.09
1791611843.943243,odom,50.96
1791611843.996696,odom,39.63
1791611844.046651,odom,58.35
1791611844.096446,odom,43.42
1791611844.144113,odom,43.76
1791611844.191426,odom,43.16
1791611844.244156,odom,47.92
1791611844.289633,odom,45.17
1791611844.341077,odom,48.64
1791611844.395239,odom,54.35
1791611844.445518,odom,40.87
1791611844.494820,odom,58.15
1791611844.543994,odom,43.59
1791611844.592208,odom,43.78
1791611844.646464,odom,50.04
1791611844.691940,odom,47.36
1791611844.739751,odom,46.28
1791611844.797502,odom,57.36
1791611844.846988,odom,58.72
1791611844.893039,odom,56.66
1791611844.943724,odom,42.83
1791611844.992388,odom,43.52
1791611845.045399,odom,49.21
1791611845.092618,odom,47.17
1791611845.147456,odom,54.15
1791611845.194996,odom,54.68
1791611845.246514,odom,42.42
1791611845.295131,odom,58.54
1791611845.344848,odom,44.20
1791611845.391954,odom,43.45
1791611845.443238,odom,46.70
1791611845.492664,odom,48.11
1791611845.545183,odom,50.54
1791611845.597387,odom,57.26
1791611845.646139,odom,57.74
1791611845.696158,odom,59.45
1791611845.743870,odom,43.02
1791611845.795896,odom,47.68
1791611845.846658,odom,66.34
1791611845.894407,odom,50.07
1791611845.948577,odom,54.33
1791611845.996663,odom,56.09
1791611846.045600,odom,40.57
1791611846.095619,odom,59.00
1791611846.144158,odom,43.81
1791611846.192239,odom,44.05
1791611846.244468,odom,48.33
1791611846.290403,odom,45.01
1791611846.344251,odom,50.16
1791611846.396390,odom,55.68
1791611846.447560,odom,42.30
1791611846.492292,odom,39.89
1791611846.543647,odom,43.48
1791611846.592093,odom,43.95
1791611846.643081,odom,46.07
1791611846.689258,odom,43.02
1791611846.745402,odom,52.31
1791611846.797246,odom,56.69
1791611846.845218,odom,56.38
1791611846.895954,odom,59.31
1791611846.941352,odom,41.20
1791611846.994276,odom,46.10
1791611847.050757,odom,54.60
1791611847.091244,odom,44.85
1791611847.141903,odom,49.81
1791611847.197400,odom,56.77
1791611847.247091,odom,58.72
1791611847.294614,odom,41.88
1791611847.341628,odom,41.46
1791611847.388350,odom,40.21
1791611847.443694,odom,47.54
1791611847.492465,odom,46.07
1791611847.540486,odom,47.40
1791611847.599156,odom,58.81
1791611847.648280,odom,60.10
1791611847.695665,odom,58.75
1791611847.739968,odom,39.83
1791611847.791068,odom,41.80
1791611847.843110,odom,46.98
1791611847.891510,odom,45.11
1791611847.940759,odom,47.67
1791611847.996003,odom,55.61
1791611848.047209,odom,58.81
1791611848.095005,odom,58.22
1791611848.140058,odom,39.89
1791611848.191837,odom,43.69
1791611848.243454,odom,47.29
1791611848.291123,odom,44.88
1791611848.342581,odom,49.47
1791611848.397161,odom,56.86
1791611848.445303,odom,57.00
1791611848.495854,odom,42.32
1791611848.544698,odom,44.54
1791611848.591591,odom,43.30
1791611848.641127,odom,44.99
1791611848.690798,odom,46.47
1791611848.738335,odom,45.23
1791611848.797209,odom,55.71
1791611848.847511,odom,59.10
1791611848.895704,odom,42.34
1791611848.947326,odom,46.89
1791611848.991287,odom,43.11
1791611849.041120,odom,43.96
1791611849.091028,odom,45.79
1791611849.141121,odom,48.02
1791611849.196874,odom,56.63
1791611849.248688,odom,59.84
1791611849.292666,odom,55.34
1791611849.341088,odom,40.93
1791611849.392133,odom,43.99
1791611849.442420,odom,45.27
1791611849.488228,odom,43.09
1791611849.543746,odom,50.66
1791611849.596752,odom,56.21
1791611849.646990,odom,58.32
1791611849.691456,odom,38.28
1791611849.743218,odom,41.47
1791611849.791982,odom,43.85
1791611849.841139,odom,43.98
1791611849.891151,odom,45.10
1791611849.942580,odom,49.48
1791611849.997179,odom,56.90
1791611850.047210,odom,58.68
1791611850.099416,odom,60.81
1791611850.141224,odom,40.67
1791611850.191206,odom,43.11
1791611850.242053,odom,43.92
1791611850.291060,odom,45.75
1791611850.341018,odom,47.93
1791611850.394037,odom,53.75
1791611850.449101,odom,60.33
1791611850.492072,odom,53.81
1791611850.544196,odom,58.63
1791611850.591430,odom,43.28
1791611850.642435,odom,46.20
1791611850.691259,odom,45.95
1791611850.737838,odom,44.75
1791611850.797133,odom,55.77
1791611850.847084,odom,57.93
1791611850.894170,odom,57.45
1791611850.944909,odom,43.52
1791611850.991314,odom,43.24
1791611851.042374,odom,45.24
1791611851.090896,odom,45.58
1791611851.142954,odom,49.86
1791611851.194263,odom,52.97
1791611851.247304,odom,57.68
1791611851.293056,odom,56.51
1791611851.343616,odom,42.99
1791611851.391280,odom,41.93
1791611851.441255,odom,44.10
1791611851.491219,odom,46.01
1791611851.540240,odom,47.13
1791611851.597082,odom,56.79
1791611851.644354,odom,54.31
1791611851.696357,odom,58.30
1791611851.742969,odom,41.71
1791611851.791110,odom,41.93
1791611851.843766,odom,46.61
1791611851.890221,odom,44.94
1791611851.944708,odom,51.51
1791611851.997797,odom,56.50
1791611852.045444,odom,54.83
1791611852.093141,odom,39.82
1791611852.144315,odom,43.16
1791611852.191570,odom,41.43
1791611852.243502,odom,46.35
1791611852.290338,odom,45.01
1791611852.343835,odom,50.74
1791611852.397172,odom,55.88
1791611852.444838,odom,54.65
1791611852.493426,odom,56.30
1791611852.544720,odom,43.31
1791611852.592388,odom,42.23
1791611852.643787,odom,46.66
1791611852.687700,odom,42.44
1791611852.740511,odom,47.35
1791611852.796082,odom,53.78
1791611852.848941,odom,58.77
1791611852.896111,odom,58.20
1791611852.944110,odom,42.94
1791611852.991477,odom,42.35
1791611853.044342,odom,47.17
1791611853.091089,odom,45.85
1791611853.145518,odom,52.33
1791611853.197512,odom,55.79
1791611853.245230,odom,56.00
1791611853.296092,odom,42.53
1791611853.342875,odom,41.49
1791611853.390764,odom,41.46
1791611853.441705,odom,44.57
1791611853.488590,odom,43.27
1791611853.540441,odom,47.23
1791611853.595987,odom,54.70
1791611853.651566,odom,62.09
1791611853.693987,odom,39.97
1791611853.740355,odom,37.96
1791611853.791312,odom,42.17
1791611853.843418,odom,46.27
1791611853.893802,odom,48.52
1791611853.941230,odom,48.07
1791611853.996962,odom,55.83
1791611854.047207,odom,58.06
1791611854.096027,odom,42.49
1791611854.142957,odom,41.61
1791611854.193238,odom,43.82
1791611854.242655,odom,45.51
1791611854.291048,odom,45.68
1791611854.341591,odom,48.36
1791611854.400685,odom,59.30
1791611854.445647,odom,56.51
1791611854.496380,odom,58.54
1791611854.544364,odom,41.39
1791611854.591092,odom,41.94
1791611854.642109,odom,44.79
1791611854.691374,odom,46.07
1791611854.743309,odom,50.17
1791611854.799247,odom,57.13
1791611854.844976,odom,55.83
1791611854.895817,odom,41.97
1791611854.945235,odom,42.60
1791611854.993135,odom,43.99
1791611855.044557,odom,47.41
1791611855.091161,odom,45.70
1791611855.140172,odom,47.03
1791611855.196035,odom,53.48
1791611855.246233,odom,57.07
1791611855.292342,odom,54.66
1791611855.343454,odom,57.83
1791611855.392728,odom,43.32
1791611855.442452,odom,45.16
1791611855.488904,odom,43.83
1791611855.542259,odom,48.59
1791611855.597154,odom,55.57
1791611855.646003,odom,56.88
1791611855.692933,odom,39.69
1791611855.743306,odom,41.75
1791611855.792733,odom,42.69
1791611855.843578,odom,46.08
1791611855.892921,odom,47.39
1791611855.945082,odom,51.26
1791611855.997592,odom,39.68
1791611856.047175,odom,58.05
1791611856.094760,odom,57.47
1791611856.144315,odom,43.10
1791611856.193216,odom,43.35
1791611856.244364,odom,47.07
1791611856.290348,odom,44.59
1791611856.342183,odom,48.83
1791611856.394158,odom,52.09
1791611856.449070,odom,59.95
1791611856.496799,odom,59.29
1791611856.542611,odom,41.07
1791611856.593204,odom,43.32
1791611856.649573,odom,51.79
1791611856.692130,odom,46.45
1791611856.743080,odom,48.96
1791611856.797245,odom,55.36
1791611856.847637,odom,58.42
1791611856.895437,odom,40.39
1791611856.944202,odom,42.93
1791611856.992186,odom,42.82
1791611857.043047,odom,45.01
1791611857.092152,odom,46.88
1791611857.143709,odom,49.62
1791611857.194578,odom,53.44
1791611857.245739,odom,56.62
1791611857.295636,odom,58.30
1791611857.344667,odom,43.51
1791611857.392770,odom,43.54
1791611857.442718,odom,45.59
1791611857.492105,odom,46.84
1791611857.542256,odom,48.17
1791611857.597541,odom,56.41
1791611857.647190,odom,58.07
1791611857.694494,odom,39.02
1791611857.743166,odom,41.92
1791611857.793076,odom,43.94
1791611857.844312,odom,47.14
1791611857.892302,odom,46.98
1791611857.948300,odom,53.21
1791611857.998064,odom,56.93
1791611858.046802,odom,57.59
1791611858.097646,odom,43.59
1791611858.148094,odom,46.96
1791611858.192281,odom,43.09
1791611858.243186,odom,46.05
1791611858.291682,odom,45.36
1791611858.344466,odom,51.38
1791611858.397943,odom,56.81
1791611858.447561,odom,58.37
1791611858.491770,odom,37.79
1791611858.544805,odom,43.66
1791611858.591115,odom,41.51
1791611858.644447,odom,47.28
1791611858.689704,odom,43.38
1791611858.741885,odom,48.79
1791611858.797625,odom,56.49
1791611858.847304,odom,58.03
1791611858.896056,odom,58.74
1791611858.945131,odom,43.97
1791611858.992875,odom,43.72
1791611859.042149,odom,45.02
1791611859.092680,odom,45.63
1791611859.141008,odom,47.91
1791611859.194471,odom,53.34
1791611859.247767,odom,58.56
1791611859.297000,odom,43.44
1791611859.342956,odom,41.66
1791611859.388103,odom,38.96
1791611859.441297,odom,44.14
1791611859.491337,odom,45.11
1791611859.542035,odom,48.94
1791611859.591073,odom,49.94
1791611859.648213,odom,41.56
1791611859.695613,odom,42.52
1791611859.738680,odom,37.30
1791611859.794451,odom,45.32
1791611859.843596,odom,46.45
1791611859.891381,odom,44.99
1791611859.943327,odom,50.22
1791611859.998724,odom,57.59
1791611860.047278,odom,58.07
1791611860.095845,odom,58.50
1791611860.142738,odom,41.33
1791611860.192112,odom,42.18
1791611860.243503,odom,46.35
1791611860.291366,odom,46.05
1791611860.344984,odom,51.88
1791611860.392132,odom,51.00
1791611860.446621,odom,57.36
1791611860.497348,odom,59.34
1791611860.542119,odom,40.85
1791611860.595104,odom,61.30
1791611860.644333,odom,47.05
1791611860.690808,odom,45.46
1791611860.742820,odom,49.73
1791611860.792209,odom,51.08
1791611860.847230,odom,57.98
1791611860.895750,odom,58.66
1791611860.943111,odom,41.96
1791611860.991085,odom,41.80
1791611861.041241,odom,44.08
1791611861.091105,odom,45.87
1791611861.142384,odom,49.19
1791611861.192162,odom,51.03
1791611861.247457,odom,58.22
1791611861.294393,odom,40.81
1791611861.342581,odom,57.36
1791611861.392679,odom,43.45
1791611861.441193,odom,43.06
1791611861.488325,odom,43.05
1791611861.542409,odom,49.32
1791611861.598530,odom,57.37
1791611861.647708,odom,58.56
1791611861.689788,odom,51.42
1791611861.745533,odom,43.78
1791611861.791445,odom,42.23
1791611861.842839,odom,44.68
1791611861.890447,odom,45.23
1791611861.942010,odom,48.92
1791611861.991226,odom,50.02
1791611862.046790,odom,57.65
1791611862.096578,odom,43.15
1791611862.143576,odom,42.33
1791611862.192641,odom,43.34
1791611862.243384,odom,45.23
1791611862.288457,odom,43.20
1791611862.342418,odom,49.32
1791611862.389363,odom,48.18
1791611862.448574,odom,59.38
1791611862.493134,odom,55.42
1791611862.544543,odom,58.89
1791611862.589067,odom,39.79
1791611862.643784,odom,46.53
1791611862.691602,odom,46.38
1791611862.737984,odom,44.90
1791611862.792690,odom,51.49
1791611862.844295,odom,55.16
1791611862.895396,odom,42.28
1791611862.945248,odom,43.52
1791611862.994270,odom,44.98
1791611863.041271,odom,44.14
1791611863.095177,odom,49.86
1791611863.142317,odom,49.23
1791611863.192303,odom,50.15
1791611863.244091,odom,54.96
1791611863.294671,odom,40.83
1791611863.343079,odom,41.61
1791611863.391086,odom,40.03
1791611863.441095,odom,43.94
1791611863.495788,odom,50.49
1791611863.542031,odom,48.94
1791611863.594374,odom,53.24
1791611863.644054,odom,53.87
1791611863.696995,odom,59.84
1791611863.742923,odom,41.71
1791611863.794388,odom,43.68
1791611863.843053,odom,45.92
1791611863.891186,odom,45.85
1791611863.941841,odom,48.68
1791611863.991380,odom,50.21
1791611864.047230,odom,56.94
1791611864.095475,odom,41.74
1791611864.144291,odom,58.72
1791611864.193055,odom,42.73
1791611864.241404,odom,44.23
1791611864.290574,odom,45.46
1791611864.341814,odom,48.68
1791611864.394612,odom,52.43
1791611864.445156,odom,54.02
1791611864.494375,odom,56.43
1791611864.544366,odom,59.02
1791611864.590194,odom,38.79
1791611864.643591,odom,46.45
1791611864.687953,odom,40.93
1791611864.741743,odom,48.60
1791611864.791057,odom,48.91
1791611864.846051,odom,56.81
1791611864.895993,odom,58.09
1791611864.943250,odom,57.75
1791611864.991217,odom,41.71
1791611865.041849,odom,44.71
1791611865.091195,odom,45.76
1791611865.141135,odom,47.80
1791611865.192522,odom,50.18
1791611865.245959,odom,56.63
1791611865.296658,odom,58.72
1791611865.342694,odom,57.48
1791611865.389150,odom,39.54
1791611865.441586,odom,44.28
1791611865.491227,odom,46.09
1791611865.543651,odom,50.51
1791611865.593435,odom,50.98
1791611865.648427,odom,58.48
1791611865.694882,odom,41.60
1791611865.748561,odom,62.00
1791611865.791238,odom,41.18
1791611865.845640,odom,48.40
1791611865.891410,odom,45.36
1791611865.940783,odom,46.64
1791611865.997081,odom,54.74
1791611866.047303,odom,57.79
1791611866.096887,odom,58.85
1791611866.142286,odom,55.78
1791611866.193280,odom,44.09
1791611866.242681,odom,45.49
1791611866.291261,odom,46.00
1791611866.343205,odom,49.00
1791611866.393744,odom,51.26
1791611866.446413,odom,56.86
1791611866.493301,odom,56.20
1791611866.543446,odom,56.69
1791611866.589155,odom,39.81
1791611866.641359,odom,43.95
1791611866.688849,odom,42.33
1791611866.741834,odom,48.26
1791611866.799496,odom,56.27
1791611866.845969,odom,56.03
1791611866.896034,odom,58.16
1791611866.943035,odom,56.27
1791611866.992168,odom,42.64
1791611867.042124,odom,44.48
1791611867.093444,odom,46.96
1791611867.143333,odom,49.19
1791611867.197188,odom,53.19
1791611867.247187,odom,58.04
1791611867.292373,odom,38.27
1791611867.343109,odom,56.82
1791611867.393438,odom,43.00
1791611867.442238,odom,44.18
1791611867.489512,odom,43.02
1791611867.543676,odom,49.28
1791611867.593940,odom,51.75
1791611867.646157,odom,57.03
1791611867.693697,odom,56.37
1791611867.743226,odom,56.62
1791611867.793152,odom,43.50
1791611867.844321,odom,46.66
1791611867.892226,odom,45.55
1791611867.943233,odom,49.10
1791611867.997784,odom,55.92
1791611868.048750,odom,59.63
1791611868.095281,odom,40.55
1791611868.143951,odom,42.64
1791611868.191920,odom,42.59
1791611868.242609,odom,45.26
1791611868.290744,odom,44.29
1791611868.343091,odom,49.00
1791611868.393896,odom,51.74
1791611868.446099,odom,55.98
1791611868.496188,odom,59.00
1791611868.543967,odom,42.34
1791611868.599738,odom,50.57
1791611868.643416,odom,45.24
1791611868.692894,odom,46.57
1791611868.740647,odom,46.56
1791611868.793172,odom,52.03
1791611868.848262,odom,59.12
1791611868.896912,odom,40.97
1791611868.944950,odom,58.04
1791611868.992099,odom,42.95
1791611869.043727,odom,46.56
1791611869.092491,odom,46.25
1791611869.143250,odom,48.16
1791611869.195044,odom,52.91
1791611869.246434,odom,57.24
1791611869.297458,odom,60.33
1791611869.343157,odom,40.99
1791611869.393363,odom,43.31
1791611869.442343,odom,45.20
1791611869.493399,odom,47.08
1791611869.542617,odom,47.52
1791611869.589979,odom,48.85
1791611869.647027,odom,56.90
1791611869.695638,odom,57.14
1791611869.744261,odom,57.95
1791611869.792215,odom,43.07
1791611869.843001,odom,44.83
1791611869.892207,odom,45.89
1791611869.941207,odom,46.12
1791611869.992351,odom,50.22
1791611870.046987,odom,56.84
1791611870.096202,odom,57.92
1791611870.142916,odom,40.39
1791611870.195240,odom,44.19
1791611870.242096,odom,43.96
1791611870.290695,odom,43.38
1791611870.343228,odom,49.14
1791611870.391015,odom,48.88
1791611870.449591,odom,59.43
1791611870.494078,odom,39.98
1791611870.544398,odom,57.24
1791611870.588757,odom,38.46
1791611870.641564,odom,43.39
1791611870.687628,odom,40.40
1791611870.737992,odom,43.90
1791611870.792254,odom,50.12
1791611870.847053,odom,56.83
1791611870.898379,odom,44.28
1791611870.944185,odom,55.59
1791611870.994647,odom,60.51
1791611871.041381,odom,43.25
1791611871.091654,odom,44.32
1791611871.141261,odom,47.17
1791611871.191456,odom,49.32
1791611871.246747,odom,56.54
1791611871.295470,odom,57.10
1791611871.343586,odom,55.55
1791611871.389380,odom,55.25
1791611871.441320,odom,43.13
1791611871.491214,odom,43.98
1791611871.541090,odom,46.99
1791611871.589366,odom,47.23
1791611871.648850,odom,58.64
1791611871.696844,odom,57.99
1791611871.738854,odom,35.85
1791611871.794486,odom,60.16
1791611871.841281,odom,43.11
1791611871.891303,odom,44.03
1791611871.941283,odom,47.19
1791611871.991088,odom,48.91
1791611872.049015,odom,58.80
1791611872.097156,odom,42.36
1791611872.143505,odom,41.34
1791611872.193164,odom,42.60
1791611872.241133,odom,43.96
1791611872.291175,odom,44.94
1791611872.340493,odom,46.40
1791611872.392024,odom,49.89
1791611872.446105,odom,55.86
1791611872.498537,odom,44.22
1791611872.541918,odom,55.32
1791611872.589221,odom,38.81
1791611872.641285,odom,43.15
1791611872.690707,odom,44.39
1791611872.741233,odom,47.15
1791611872.790954,odom,48.79
1791611872.848184,odom,57.94
1791611872.896385,odom,58.11
1791611872.946428,odom,59.37
1791611872.992439,odom,41.39
1791611873.042717,odom,44.56
1791611873.092069,odom,45.84
1791611873.140918,odom,46.83
1791611873.191874,odom,49.74
1791611873.246406,odom,56.27
1791611873.294491,odom,56.13
1791611873.343420,odom,57.26
1791611873.392172,odom,57.45
1791611873.442270,odom,43.11
1791611873.488279,odom,41.89
1791611873.541042,odom,46.91
1791611873.589384,odom,47.11
1791611873.650728,odom,60.59
1791611873.690629,odom,35.59
1791611873.743667,odom,57.46
1791611873.792188,odom,41.69
1791611873.841978,odom,42.81
1791611873.891207,odom,44.99
1791611873.940464,odom,46.35
1791611873.991277,odom,49.07
1791611874.047225,odom,57.08
1791611874.097426,odom,57.88
1791611874.144320,odom,57.96
1791611874.194292,odom,43.41
1791611874.242670,odom,43.51
1791611874.288547,odom,42.27
1791611874.341968,odom,47.88
1791611874.389052,odom,46.87
1791611874.445405,odom,55.27
1791611874.494671,odom,40.51
1791611874.544090,odom,57.78
1791611874.589015,odom,38.81
1791611874.643419,odom,45.20
1791611874.690090,odom,43.77
1791611874.738310,odom,44.19
1791611874.791268,odom,49.13
1791611874.845325,odom,55.17
1791611874.895152,odom,56.16
1791611874.942993,odom,40.57
1791611874.992033,odom,41.41
1791611875.042035,odom,43.91
1791611875.091298,odom,44.96
1791611875.142406,odom,48.25
1791611875.191490,odom,49.34
1791611875.245235,odom,55.10
1791611875.294065,odom,55.40
1791611875.345674,odom,58.63
1791611875.391315,odom,40.27
1791611875.442016,odom,43.85
1791611875.491140,odom,45.03
1791611875.542182,odom,48.05
1791611875.589099,odom,46.89
1791611875.645266,odom,55.10
1791611875.696306,odom,41.30
1791611875.757411,odom,71.02
1791611875.793244,odom,59.04
1791611875.843187,odom,45.00
1791611875.891672,odom,45.59
1791611875.942111,odom,47.97
1791611875.991577,odom,49.44
1791611876.045104,odom,53.83
1791611876.095694,odom,41.38
1791611876.143204,odom,56.76
1791611876.192125,odom,41.04
1791611876.242507,odom,44.34
1791611876.291346,odom,45.08
1791611876.341717,odom,47.55
1791611876.391248,odom,49.11
1791611876.445925,odom,54.33
1791611876.494613,odom,56.35
1791611876.545409,odom,42.33
1791611876.590372,odom,39.14
1791611876.642471,odom,44.17
1791611876.688438,odom,41.55
1791611876.741770,odom,47.63
1791611876.797645,odom,54.23
1791611876.849577,odom,59.37
1791611876.893924,odom,39.44
1791611876.945886,odom,59.64
1791611876.991178,odom,40.78
1791611877.042357,odom,44.22
1791611877.091319,odom,44.90
1791611877.141095,odom,46.95
1791611877.192508,odom,49.52
1791611877.246984,odom,56.20
1791611877.296536,odom,57.74
1791611877.343107,odom,56.36
1791611877.392216,odom,41.92
1791611877.442289,odom,44.01
1791611877.492009,odom,45.43
1791611877.542980,odom,48.70
1791611877.593759,odom,49.84
1791611877.650798,odom,59.77
1791611877.696282,odom,41.53
1791611877.743057,odom,56.89
1791611877.791242,odom,40.50
1791611877.842564,odom,44.16
1791611877.891211,odom,44.54
1791611877.942606,odom,48.05
1791611877.997993,odom,54.91
1791611878.045633,odom,54.64
1791611878.098317,odom,43.73
1791611878.143442,odom,57.27
1791611878.193004,odom,42.65
1791611878.243215,odom,44.71
1791611878.293254,odom,46.71
1791611878.344240,odom,50.09
1791611878.397335,odom,54.03
1791611878.447261,odom,56.94
1791611878.497375,odom,42.83
1791611878.544318,odom,58.15
1791611878.593806,odom,43.56
1791611878.642268,odom,43.99
1791611878.692118,odom,45.59
1791611878.742159,odom,47.65
1791611878.798358,odom,54.85
1791611878.847479,odom,56.83
1791611878.897188,odom,58.43
1791611878.944331,odom,58.05
1791611878.993062,odom,42.57
1791611879.042064,odom,43.33
1791611879.092247,odom,45.62
1791611879.142517,odom,48.34
1791611879.198210,odom,55.95
1791611879.250184,odom,60.06
1791611879.293372,odom,38.71
1791611879.344539,odom,56.67
1791611879.392185,odom,41.81
1791611879.442347,odom,44.03
1791611879.490733,odom,43.70
1791611879.542186,odom,48.09
1791611879.594722,odom,52.59
1791611879.646182,odom,56.05
1791611879.694046,odom,55.52
1791611879.744586,odom,57.92
1791611879.794587,odom,43.88
1791611879.842480,odom,44.34
1791611879.893482,odom,47.16
1791611879.943320,odom,49.23
1791611879.993132,odom,51.00
1791611880.046338,odom,56.22
1791611880.096190,odom,41.30
1791611880.144299,odom,41.59
1791611880.193170,odom,42.91
1791611880.242311,odom,44.13
1791611880.289904,odom,42.68
1791611880.342249,odom,47.09
1791611880.391465,odom,49.33
1791611880.446577,odom,56.45
1791611880.497147,odom,58.53
1791611880.543496,odom,41.32
1791611880.591933,odom,41.80
1791611880.646295,odom,48.02
1791611880.692101,odom,45.78
1791611880.739652,odom,44.56
1791611880.793106,odom,50.97
1791611880.852658,odom,62.14
1791611880.896238,odom,40.77
