time,robot,mode,odom,actual,error,unit
2026-10-10 15:21:22,/robot3,straight,2.0431,2.08,-0.0369,m
2026-10-10 15:27:57,/robot3,rotate,363.8165,363.4,0.4165,deg
2026-10-10 15:34:05,/robot3,rotate,364.7562,363,1.7562,deg
2026-10-10 15:35:24,/robot3,rotate,364.6752,363.4,1.2752,deg
2026-10-10 15:36:41,/robot3,rotate,363.9890,363,0.9890,deg
2026-10-10 15:38:06,/robot3,rotate,363.4726,362,1.4726,deg
2026-10-10 15:39:51,/robot3,straight,2.0416,2.084,-0.0424,m
2026-10-10 15:41:54,/robot3,straight,2.0428,2.08,-0.0372,m
2026-10-10 15:43:16,/robot3,straight,2.0395,2.08,-0.0405,m
2026-10-10 15:45:03,/robot3,straight,2.0446,2.045,-0.0004,m
2026-10-10 15:55:35,/robot3,straight,2.0452,2.085,-0.0398,m
